"DESCRIPTION","DURATION IN MS","NAME","PARENT SUITE","START TIME","STATUS","STOP TIME","SUB SUITE","SUITE","TEST CLASS","TEST METHOD"
"","204","test_even_2","Exercises.week2_Exercises","2026-08-10","passed","2026-08-10","","test_day4_rep_Exercises","",""
"","206","test_even_1","Exercises.week2_Exercises","2026-08-10","passed","2026-08-10","","test_day4_rep_Exercises","",""
"","205","test_string_upper","Exercises.week2_Exercises","2026-08-10","passed","2026-08-10","","test_day4_rep_Exercises","",""
"","201","test_add_2","Exercises.week2_Exercises","2026-08-10","passed","2026-08-10","","test_day4_rep_Exercises","",""
"","206","test_add_1","Exercises.week2_Exercises","2026-08-10","passed","2026-08-10","","test_day4_rep_Exercises","",""
"","206","test_add_3","Exercises.week2_Exercises","2026-08-10","passed","2026-08-10","","test_day4_rep_Exercises","",""
"","202","test_list_sum","Exercises.week2_Exercises","2026-08-10","passed","2026-08-10","","test_day4_rep_Exercises","",""
"","0","test_login_flow","Exercises.week2_Exercises","2026-08-10","passed","2026-08-10","","test_day4_rep_Exercises","",""
"","206","test_string_lower","Exercises.week2_Exercises","2026-08-10","passed","2026-08-10","","test_day4_rep_Exercises","",""
"","205","test_list_max","Exercises.week2_Exercises","2026-08-10","passed","2026-08-10","","test_day4_rep_Exercises","",""
